Original_Address,Transformed_Value
Shahran,156
Shahran,156
Pardis,117
Shahrake Qods,152
Shahrake Gharb,150
North Program Organization,106
Pardis,117
Shahran,156
Andisheh,13
West Ferdows Boulevard,183
West Ferdows Boulevard,183
Narmak,100
Narmak,100
Saadat Abad,135
Zafar,188
Islamshahr,71
Narmak,100
Pirouzi,120
West Ferdows Boulevard,183
Pirouzi,120
Shahrake Gharb,150
Shahrake Shahid Bagheri,154
Shahran,156
Moniriyeh,99
Saadat Abad,135
Velenjak,179
Amirieh,12
Pirouzi,120
Southern Janatabad,163
West Ferdows Boulevard,183
Salsabil,141
West Ferdows Boulevard,183
Zargandeh,190
Feiz Garden,52
West Ferdows Boulevard,183
Water Organization,181
West Ferdows Boulevard,183
West Ferdows Boulevard,183
West Ferdows Boulevard,183
West Ferdows Boulevard,183
Saadat Abad,135
Saadat Abad,135
Shahrake Qods,152
ShahrAra,147
Gisha,61
Gisha,61
Shahrake Gharb,150
Ray,128
Abbasabad,1
Pardis,117
Ostad Moein,111
Farmanieh,50
Parand,115
Punak,122
Punak,122
Shahran,156
Qasr-od-Dasht,125
Aqdasieh,14
Pakdasht,113
Railway,127
Punak,122
Punak,122
Punak,122
Punak,122
Shahran,156
Aqdasieh,14
Central Janatabad,26
West Ferdows Boulevard,183
East Ferdows Boulevard,40
Pakdasht KhatunAbad,114
Amirieh,12
Amirieh,12
Parand,115
Punak,122
Sattarkhan,142
Saadat Abad,135
Shahran,156
Amirieh,12
Parand,115
Punak,122
Sattarkhan,142
Saadat Abad,135
Shahran,156
Baghestan,21
West Ferdows Boulevard,183
Shahrake Qods,152
Shahryar,157
Northern Janatabad,108
West Ferdows Boulevard,183
North Program Organization,106
Daryan No,35
North Program Organization,106
Pirouzi,120
Southern Program Organization,164
Rudhen,134
West Pars,184
Afsarieh,4
Marzdaran,93
Parand,115
Punak,122
Shahrake Qods,152
Dorous,39
Shahrake Qods,152
Pardis,117
Shahran,156
Sadeghieh,138
Chahardangeh,27
ShahrAra,147
Parand,115
Pakdasht,113
Baqershahr,23
Parand,115
Parand,115
Punak,122
Gisha,61
Parand,115
Jeyhoon,74
Lavizan,88
Shams Abad,158
Fatemi,51
Gisha,61
Keshavarz Boulevard,81
Parand,115
Baghestan,21
Salsabil,141
Kahrizak,76
Shahryar,157
Qarchak,124
Northren Jamalzadeh,110
Salsabil,141
Shahryar,157
Shahrake Qods,152
Ostad Moein,111
Azarbaijan,19
Bahar,22
Qarchak,124
Pakdasht,113
Railway,127
Persian Gulf Martyrs Lake,119
Persian Gulf Martyrs Lake,119
Persian Gulf Martyrs Lake,119
Beryanak,24
Punak,122
Heshmatieh,69
Elm-o-Sanat,45
Saadat Abad,135
Golestan,62
Southern Janatabad,163
Shahr-e-Ziba,146
Southern Janatabad,163
Punak,122
Pardis,117
Pasdaran,118
Pirouzi,120
Feiz Garden,52
Farmanieh,50
Chardivari,29
Punak,122
Gheitarieh,57
Farmanieh,50
Kamranieh,77
Central Janatabad,26
East Ferdows Boulevard,40
Gholhak,60
Pasdaran,118
Islamshahr,71
Pasdaran,118
Pirouzi,120
Central Janatabad,26
Heravi,68
Heravi,68
Hashemi,65
Jeyhoon,74
Gheitarieh,57
Central Janatabad,26
Punak,122
Heravi,68
Andisheh,13
Heravi,68
Pasdaran,118
Pardis,117
Pardis,117
Heravi,68
West Ferdows Boulevard,183
Saadat Abad,135
Islamshahr,71
Dehkade Olampic,36
Golestan,62
Golestan,62
Saadat Abad,135
West Pars,184
Punak,122
Saadat Abad,135
Damavand,31
Saadat Abad,135
Pasdaran,118
East Ferdows Boulevard,40
Southern Janatabad,163
Pirouzi,120
Republic,132
Farmanieh,50
East Ferdows Boulevard,40
Zaferanieh,189
West Ferdows Boulevard,183
West Ferdows Boulevard,183
Gheitarieh,57
Gheitarieh,57
Saadat Abad,135
East Ferdows Boulevard,40
East Ferdows Boulevard,40
Shahrake Gharb,150
Qazvin Imamzadeh Hassan,126
Shahran,156
Beryanak,24
Niavaran,105
Farmanieh,50
Gheitarieh,57
Valiasr,176
Pasdaran,118
Qalandari,123
Pasdaran,118
Pasdaran,118
Valiasr,176
Central Janatabad,26
Jeyhoon,74
Punak,122
Shahrake Gharb,150
Shahrake Gharb,150
Amir Bahador,10
Central Janatabad,26
Pasdaran,118
Pasdaran,118
Ekhtiarieh,43
Pardis,117
Farmanieh,50
Farmanieh,50
Ekbatan,42
Parand,115
Gheitarieh,57
Shahran,156
Rudhen,134
Islamshahr,71
Islamshahr,71
Southern Program Organization,164
Andisheh,13
West Ferdows Boulevard,183
East Ferdows Boulevard,40
Pardis,117
West Ferdows Boulevard,183
East Ferdows Boulevard,40
East Ferdows Boulevard,40
East Ferdows Boulevard,40
Shahr-e-Ziba,146
East Ferdows Boulevard,40
East Ferdows Boulevard,40
Shahr-e-Ziba,146
East Ferdows Boulevard,40
Saadat Abad,135
Pardis,117
Northern Janatabad,108
Niavaran,105
East Ferdows Boulevard,40
Farmanieh,50
Shahr-e-Ziba,146
Niavaran,105
West Ferdows Boulevard,183
Saadat Abad,135
Southern Janatabad,163
Southern Janatabad,163
Gheitarieh,57
Shahrake Gharb,150
Punak,122
Punak,122
Punak,122
Saadat Abad,135
Saadat Abad,135
Punak,122
Central Janatabad,26
Punak,122
Punak,122
Persian Gulf Martyrs Lake,119
Saadat Abad,135
East Ferdows Boulevard,40
Absard,2
Absard,2
Pasdaran,118
Haft Tir,63
Shahrake Qods,152
Shahr-e-Ziba,146
Shahr-e-Ziba,146
Marzdaran,93
Marzdaran,93
Pasdaran,118
Mahallati,89
Mahallati,89
Shahran,156
Shahran,156
Farmanieh,50
Southern Janatabad,163
Pasdaran,118
Southern Janatabad,163
Southern Janatabad,163
Southern Janatabad,163
Southern Janatabad,163
Feiz Garden,52
Pasdaran,118
Southern Janatabad,163
Punak,122
Ozgol,112
Southern Janatabad,163
Southern Janatabad,163
Southern Janatabad,163
Southern Janatabad,163
Southern Janatabad,163
Pasdaran,118
Zaferanieh,189
Southern Janatabad,163
Southern Janatabad,163
Southern Janatabad,163
Southern Janatabad,163
Heravi,68
Narmak,100
Central Janatabad,26
Gheitarieh,57
Saadat Abad,135
Punak,122
Gheitarieh,57
Pasdaran,118
Punak,122
Zaferanieh,189
Northern Janatabad,108
West Ferdows Boulevard,183
Shahr-e-Ziba,146
Ekhtiarieh,43
Shahr-e-Ziba,146
Southern Janatabad,163
West Ferdows Boulevard,183
Central Janatabad,26
Saadat Abad,135
Saadat Abad,135
Saadat Abad,135
Gheitarieh,57
Saadat Abad,135
Shahrake Gharb,150
Saadat Abad,135
North Program Organization,106
Heravi,68
Saadat Abad,135
Farmanieh,50
Ozgol,112
Farmanieh,50
Farmanieh,50
North Program Organization,106
Niavaran,105
Tajrish,166
Absard,2
Saadat Abad,135
Ekhtiarieh,43
Feiz Garden,52
Northern Janatabad,108
Shahr-e-Ziba,146
Feiz Garden,52
Pasdaran,118
Dorous,39
Dorous,39
Feiz Garden,52
Shahr-e-Ziba,146
Pasdaran,118
Central Janatabad,26
Abazar,0
Saadat Abad,135
Shahr-e-Ziba,146
Shahr-e-Ziba,146
Shahr-e-Ziba,146
Saadat Abad,135
Parand,115
Ostad Moein,111
Southern Janatabad,163
Northern Janatabad,108
Koohsar,85
Saadat Abad,135
Niavaran,105
West Ferdows Boulevard,183
Pasdaran,118
Ekhtiarieh,43
Saadat Abad,135
Pardis,117
Shahr-e-Ziba,146
Persian Gulf Martyrs Lake,119
Southern Program Organization,164
West Ferdows Boulevard,183
Hekmat,67
West Ferdows Boulevard,183
Punak,122
Persian Gulf Martyrs Lake,119
Punak,122
Punak,122
West Ferdows Boulevard,183
West Ferdows Boulevard,183
West Ferdows Boulevard,183
Sattarkhan,142
West Ferdows Boulevard,183
West Ferdows Boulevard,183
Shahr-e-Ziba,146
Niavaran,105
Shahr-e-Ziba,146
Ekbatan,42
Jeyhoon,74
Parastar,116
Shahr-e-Ziba,146
Ekhtiarieh,43
Gheitarieh,57
Saadat Abad,135
Shahr-e-Ziba,146
Pardis,117
Shahr-e-Ziba,146
Gisha,61
Shahr-e-Ziba,146
Southern Janatabad,163
Pasdaran,118
Abazar,0
Shahr-e-Ziba,146
Farmanieh,50
Ekhtiarieh,43
Gheitarieh,57
Gheitarieh,57
Shahr-e-Ziba,146
Pirouzi,120
Pirouzi,120
Lavasan,87
Lavasan,87
Pirouzi,120
Ostad Moein,111
Pirouzi,120
East Ferdows Boulevard,40
East Ferdows Boulevard,40
East Ferdows Boulevard,40
Shahr-e-Ziba,146
Shahr-e-Ziba,146
Niavaran,105
Ostad Moein,111
Majidieh,91
Shahr-e-Ziba,146
Parastar,116
Shahr-e-Ziba,146
Jeyhoon,74
Pirouzi,120
Pardis,117
Saadat Abad,135
Pardis,117
Pardis,117
Saadat Abad,135
Pardis,117
Northern Janatabad,108
Parastar,116
North Program Organization,106
Shahr-e-Ziba,146
Shahr-e-Ziba,146
Aqdasieh,14
Parastar,116
Pakdasht,113
Shahr-e-Ziba,146
Heravi,68
Farmanieh,50
Gheitarieh,57
Gheitarieh,57
Gheitarieh,57
Shahran,156
East Ferdows Boulevard,40
West Ferdows Boulevard,183
Pardis,117
Southern Chitgar,162
Karimkhan,78
Railway,127
Southern Janatabad,163
West Ferdows Boulevard,183
Rudhen,134
Si Metri Ji,160
Pardis,117
Rudhen,134
Abazar,0
Abazar,0
Abazar,0
Abazar,0
East Ferdows Boulevard,40
Karoon,79
Northern Chitgar,107
Jeyhoon,74
Jeyhoon,74
Jeyhoon,74
Feiz Garden,52
Pirouzi,120
Feiz Garden,52
Punak,122
Pardis,117
Central Janatabad,26
Farmanieh,50
Pardis,117
Shahran,156
East Pars,41
Feiz Garden,52
Northern Chitgar,107
Andisheh,13
Shahran,156
Shahran,156
Pardis,117
Pardis,117
Pardis,117
Pardis,117
Pardis,117
Pirouzi,120
Pardis,117
Farmanieh,50
Salsabil,141
Farmanieh,50
Niavaran,105
Farmanieh,50
Pardis,117
Kook,86
Moniriyeh,99
Saadat Abad,135
Northern Janatabad,108
Zaferanieh,189
Air force,6
Air force,6
Saadat Abad,135
Saadat Abad,135
Sohanak,161
Saadat Abad,135
Lavizan,88
Gheitarieh,57
Ekhtiarieh,43
Saadat Abad,135
Southern Janatabad,163
Ekhtiarieh,43
Narmak,100
Shahr-e-Ziba,146
Aqdasieh,14
Saadat Abad,135
West Ferdows Boulevard,183
Pasdaran,118
Andisheh,13
Narmak,100
Qasr-od-Dasht,125
Persian Gulf Martyrs Lake,119
Punak,122
Punak,122
Gheitarieh,57
Punak,122
Punak,122
Punak,122
Pardis,117
Central Janatabad,26
Qalandari,123
Jeyhoon,74
Saadat Abad,135
Pirouzi,120
Pardis,117
Pardis,117
Zaferanieh,189
Zaferanieh,189
Velenjak,179
Zaferanieh,189
Pardis,117
Zaferanieh,189
Zaferanieh,189
Zaferanieh,189
Zaferanieh,189
Pardis,117
Pardis,117
Northern Janatabad,108
Gheitarieh,57
Kamranieh,77
Punak,122
Southern Janatabad,163
Farmanieh,50
Ekhtiarieh,43
Pasdaran,118
Pasdaran,118
Central Janatabad,26
Central Janatabad,26
Niavaran,105
Saadat Abad,135
Ekhtiarieh,43
Saadat Abad,135
Southern Janatabad,163
Saadat Abad,135
East Ferdows Boulevard,40
Southern Janatabad,163
Saadat Abad,135
Central Janatabad,26
West Ferdows Boulevard,183
East Ferdows Boulevard,40
Pardis,117
Saadat Abad,135
West Ferdows Boulevard,183
West Ferdows Boulevard,183
Central Janatabad,26
Saadat Abad,135
Saadat Abad,135
Shahrake Gharb,150
Ekhtiarieh,43
Pardis,117
Pasdaran,118
Saadat Abad,135
Shahrake Gharb,150
Saadat Abad,135
Saadat Abad,135
Shahrake Gharb,150
Shahrake Gharb,150
Shahrake Qods,152
Pardis,117
Gheitarieh,57
Pirouzi,120
Ekhtiarieh,43
East Ferdows Boulevard,40
Shahrake Qods,152
Shahrake Qods,152
Shahrake Qods,152
Shahrake Qods,152
Central Janatabad,26
Ekhtiarieh,43
Pasdaran,118
Pasdaran,118
Shahran,156
Gheitarieh,57
Farmanieh,50
Northern Janatabad,108
Persian Gulf Martyrs Lake,119
Gheitarieh,57
Pardis,117
Heravi,68
Heravi,68
Abazar,0
Gheitarieh,57
Central Janatabad,26
Amirieh,12
Niavaran,105
Central Janatabad,26
Niavaran,105
Gheitarieh,57
Pardis,117
Pardis,117
Pardis,117
Pardis,117
Pardis,117
Shahr-e-Ziba,146
Shahrake Gharb,150
Shahrake Gharb,150
Heravi,68
Velenjak,179
Zaferanieh,189
Zaferanieh,189
Pirouzi,120
Pardis,117
Dehkade Olampic,36
Jeyhoon,74
Jeyhoon,74
Komeil,84
Punak,122
Valiasr,176
Amir Bahador,10
Amirieh,12
Saadat Abad,135
Central Janatabad,26
Shahran,156
Aqdasieh,14
Central Janatabad,26
West Ferdows Boulevard,183
East Ferdows Boulevard,40
Ostad Moein,111
Punak,122
Dehkade Olampic,36
Kook,86
Azadshahr,18
East Ferdows Boulevard,40
Persian Gulf Martyrs Lake,119
Northern Janatabad,108
Azadshahr,18
Railway,127
Zibadasht,191
Persian Gulf Martyrs Lake,119
Punak,122
Persian Gulf Martyrs Lake,119
Persian Gulf Martyrs Lake,119
Persian Gulf Martyrs Lake,119
Shahr-e-Ziba,146
Parand,115
East Ferdows Boulevard,40
Ostad Moein,111
Jeyhoon,74
Shahran,156
Salsabil,141
Dehkade Olampic,36
Komeil,84
Northern Chitgar,107
Shahrake Gharb,150
Southern Chitgar,162
Islamshahr,71
Persian Gulf Martyrs Lake,119
Shahran,156
Central Janatabad,26
Shahr-e-Ziba,146
Shahran,156
Shahrake Qods,152
Pardis,117
Pardis,117
Pardis,117
Pardis,117
Central Janatabad,26
Farmanieh,50
Andisheh,13
Pardis,117
Zaferanieh,189
Southern Janatabad,163
Andisheh,13
North Program Organization,106
Amirabad,11
East Ferdows Boulevard,40
Niavaran,105
Dorous,39
Gheitarieh,57
Dezashib,37
Pasdaran,118
Karoon,79
Salsabil,141
Pardis,117
Andisheh,13
Andisheh,13
Heravi,68
Elahieh,44
Pardis,117
Dezashib,37
Narmak,100
Heravi,68
Andisheh,13
Dorous,39
Ekhtiarieh,43
Farmanieh,50
Heravi,68
West Ferdows Boulevard,183
Shahran,156
Farmanieh,50
Pirouzi,120
Parand,115
Shahrake Qods,152
Andisheh,13
Punak,122
Heravi,68
Heravi,68
Heravi,68
Gheitarieh,57
Saadat Abad,135
Heravi,68
Pardis,117
Salsabil,141
Ozgol,112
Zargandeh,190
Saadat Abad,135
Mirdamad,97
Punak,122
Abbasabad,1
Ostad Moein,111
Amirabad,11
Andisheh,13
Andisheh,13
Kahrizak,76
Parand,115
Andisheh,13
Qasr-od-Dasht,125
Shahrake Gharb,150
Shahran,156
Amirieh,12
Karoon,79
Shahran,156
Karoon,79
Karoon,79
Shahran,156
Punak,122
Punak,122
Shahran,156
Farmanieh,50
Farmanieh,50
Feiz Garden,52
Punak,122
Razi,131
Razi,131
Razi,131
Feiz Garden,52
Heravi,68
Niavaran,105
Heravi,68
Pardis,117
Shahr-e-Ziba,146
Parand,115
East Pars,41
Pasdaran,118
Pasdaran,118
Narmak,100
Beryanak,24
Islamshahr,71
Andisheh,13
Parand,115
Shahr-e-Ziba,146
Parand,115
East Ferdows Boulevard,40
Qalandari,123
Qalandari,123
Gheitarieh,57
Punak,122
Qalandari,123
Qalandari,123
Qalandari,123
Ekhtiarieh,43
Shahr-e-Ziba,146
Saadat Abad,135
Gheitarieh,57
Gheitarieh,57
Jordan,75
East Ferdows Boulevard,40
Jordan,75
Jordan,75
Shahr-e-Ziba,146
Pardis,117
East Ferdows Boulevard,40
Mahmoudieh,90
Punak,122
Persian Gulf Martyrs Lake,119
West Ferdows Boulevard,183
West Ferdows Boulevard,183
Central Janatabad,26
Air force,6
Southern Janatabad,163
Shahedshahr,145
Punak,122
Punak,122
Shahrake Gharb,150
Qasr-od-Dasht,125
Shahr-e-Ziba,146
Pardis,117
Komeil,84
Shahr-e-Ziba,146
Jeyhoon,74
Punak,122
Shahrake Gharb,150
Ekbatan,42
Gheitarieh,57
Shahran,156
Ekhtiarieh,43
Pasdaran,118
Punak,122
Feiz Garden,52
Southern Janatabad,163
Pakdasht,113
Shahrake Gharb,150
Saadat Abad,135
Andisheh,13
Shahrake Gharb,150
Andisheh,13
Andisheh,13
Gheitarieh,57
Shahran,156
Shahr-e-Ziba,146
Southern Janatabad,163
Parand,115
Pasdaran,118
Central Janatabad,26
Qasr-od-Dasht,125
Southern Chitgar,162
Gheitarieh,57
Gheitarieh,57
Kahrizak,76
Andisheh,13
Niavaran,105
Salsabil,141
Pirouzi,120
Marzdaran,93
Pirouzi,120
Northern Janatabad,108
Islamshahr,71
Islamshahr,71
Pirouzi,120
Pirouzi,120
Shahran,156
East Ferdows Boulevard,40
Pardis,117
West Ferdows Boulevard,183
Yaftabad,185
Gheitarieh,57
Yaftabad,185
Ray,128
West Ferdows Boulevard,183
East Ferdows Boulevard,40
Shahr-e-Ziba,146
East Ferdows Boulevard,40
Jeyhoon,74
East Ferdows Boulevard,40
Andisheh,13
Ostad Moein,111
Shahrake Qods,152
East Ferdows Boulevard,40
West Ferdows Boulevard,183
East Ferdows Boulevard,40
West Ferdows Boulevard,183
West Ferdows Boulevard,183
Shahran,156
East Ferdows Boulevard,40
East Ferdows Boulevard,40
East Ferdows Boulevard,40
Central Janatabad,26
West Ferdows Boulevard,183
Central Janatabad,26
East Ferdows Boulevard,40
Mehran,96
West Ferdows Boulevard,183
West Ferdows Boulevard,183
East Ferdows Boulevard,40
Northren Jamalzadeh,110
West Ferdows Boulevard,183
Shahr-e-Ziba,146
East Ferdows Boulevard,40
Shahr-e-Ziba,146
West Ferdows Boulevard,183
Nasim Shahr,101
East Ferdows Boulevard,40
West Ferdows Boulevard,183
Shahr-e-Ziba,146
East Ferdows Boulevard,40
West Ferdows Boulevard,183
Persian Gulf Martyrs Lake,119
Persian Gulf Martyrs Lake,119
East Ferdows Boulevard,40
Feiz Garden,52
East Ferdows Boulevard,40
East Ferdows Boulevard,40
Persian Gulf Martyrs Lake,119
Golestan,62
East Ferdows Boulevard,40
Southern Program Organization,164
Shahr-e-Ziba,146
Golestan,62
Feiz Garden,52
North Program Organization,106
Azarbaijan,19
Pardis,117
Pirouzi,120
Pirouzi,120
Pirouzi,120
Pirouzi,120
Ostad Moein,111
Pardis,117
Pirouzi,120
Gheitarieh,57
Dezashib,37
Koohsar,85
Tenant,172
Shams Abad,158
Central Janatabad,26
Southern Janatabad,163
Gheitarieh,57
East Ferdows Boulevard,40
Persian Gulf Martyrs Lake,119
Persian Gulf Martyrs Lake,119
Persian Gulf Martyrs Lake,119
Shahran,156
Andisheh,13
Persian Gulf Martyrs Lake,119
Shahr-e-Ziba,146
Golestan,62
Southern Janatabad,163
Parand,115
Pardis,117
Saadat Abad,135
Punak,122
Punak,122
Ostad Moein,111
Persian Gulf Martyrs Lake,119
Persian Gulf Martyrs Lake,119
Chardangeh,28
Central Janatabad,26
Persian Gulf Martyrs Lake,119
Ostad Moein,111
Fallah,49
Fallah,49
West Ferdows Boulevard,183
Persian Gulf Martyrs Lake,119
Fallah,49
Persian Gulf Martyrs Lake,119
Eskandari,48
Persian Gulf Martyrs Lake,119
Persian Gulf Martyrs Lake,119
Persian Gulf Martyrs Lake,119
Gheitarieh,57
Persian Gulf Martyrs Lake,119
Gholhak,60
Central Janatabad,26
North Program Organization,106
Gheitarieh,57
Ray,128
Ostad Moein,111
Punak,122
Ostad Moein,111
Dorous,39
Pasdaran,118
West Ferdows Boulevard,183
Saadat Abad,135
Marzdaran,93
Central Janatabad,26
Shahr-e-Ziba,146
Marzdaran,93
Ostad Moein,111
Marzdaran,93
Marzdaran,93
Marzdaran,93
Southern Program Organization,164
Pardis,117
Mahallati,89
Pardis,117
Elahieh,44
Elahieh,44
Shahrakeh Naft,155
Niavaran,105
Punak,122
West Ferdows Boulevard,183
Shahran,156
Niavaran,105
Ajudaniye,7
Shahrake Gharb,150
Niavaran,105
Qazvin Imamzadeh Hassan,126
West Pars,184
Abazar,0
Persian Gulf Martyrs Lake,119
Shahran,156
Northern Janatabad,108
Parand,115
Pardis,117
Ostad Moein,111
Shahr-e-Ziba,146
Farmanieh,50
Marzdaran,93
Feiz Garden,52
Southern Janatabad,163
Southern Janatabad,163
Qazvin Imamzadeh Hassan,126
Shahrake Qods,152
Feiz Garden,52
North Program Organization,106
Southern Janatabad,163
Southern Program Organization,164
Punak,122
Pardis,117
Southern Janatabad,163
Southern Janatabad,163
Southern Janatabad,163
Southern Janatabad,163
Southern Janatabad,163
Gheitarieh,57
Gheitarieh,57
Southern Janatabad,163
West Ferdows Boulevard,183
Southern Janatabad,163
Jeyhoon,74
Northern Janatabad,108
Pardis,117
Persian Gulf Martyrs Lake,119
West Ferdows Boulevard,183
Qazvin Imamzadeh Hassan,126
Pardis,117
North Program Organization,106
Southern Program Organization,164
Pardis,117
West Ferdows Boulevard,183
West Ferdows Boulevard,183
Tehransar,170
Kook,86
Gheitarieh,57
Qazvin Imamzadeh Hassan,126
Jeyhoon,74
Northern Janatabad,108
Persian Gulf Martyrs Lake,119
Central Janatabad,26
Amirabad,11
Jeyhoon,74
Gheitarieh,57
Nawab,102
Gheitarieh,57
Qazvin Imamzadeh Hassan,126
Central Janatabad,26
Dorous,39
Shahrake Gharb,150
North Program Organization,106
Shahr-e-Ziba,146
Shahran,156
Southern Janatabad,163
Ostad Moein,111
Punak,122
Yousef Abad,187
Parand,115
Central Janatabad,26
Yousef Abad,187
Shahran,156
Amirabad,11
Shahran,156
Shahran,156
Shahran,156
Northern Suhrawardi,109
Heravi,68
Saadat Abad,135
Qazvin Imamzadeh Hassan,126
Saadat Abad,135
Shahrake Gharb,150
Salsabil,141
Azarbaijan,19
Villa,180
Pardis,117
Pardis,117
Heravi,68
Pardis,117
Farmanieh,50
Hakimiyeh,64
Water Organization,181
Shahr-e-Ziba,146
Ostad Moein,111
West Ferdows Boulevard,183
Heravi,68
Nezamabad,104
Qazvin Imamzadeh Hassan,126
Jeyhoon,74
Pasdaran,118
Qasr-od-Dasht,125
West Ferdows Boulevard,183
Southern Program Organization,164
Ajudaniye,7
Ozgol,112
Shahran,156
Shahran,156
Pardis,117
Shahran,156
Shahran,156
Tajrish,166
North Program Organization,106
Shahran,156
Central Janatabad,26
Yousef Abad,187
Zaferanieh,189
Shahr-e-Ziba,146
Southern Program Organization,164
Pasdaran,118
Pasdaran,118
Central Janatabad,26
Saadat Abad,135
East Ferdows Boulevard,40
Northern Janatabad,108
Garden of Saba,56
Farmanieh,50
West Ferdows Boulevard,183
Pasdaran,118
West Ferdows Boulevard,183
Pasdaran,118
Punak,122
Ostad Moein,111
Yousef Abad,187
Pasdaran,118
Ostad Moein,111
Southern Janatabad,163
Central Janatabad,26
Southern Janatabad,163
Qalandari,123
Dezashib,37
Tarasht,167
Niavaran,105
Elahieh,44
Feiz Garden,52
Andisheh,13
Shahr-e-Ziba,146
Feiz Garden,52
Feiz Garden,52
East Ferdows Boulevard,40
Shahrake Gharb,150
Pasdaran,118
Saadat Abad,135
West Ferdows Boulevard,183
West Ferdows Boulevard,183
Dorous,39
West Ferdows Boulevard,183
Shahr-e-Ziba,146
Shahr-e-Ziba,146
West Ferdows Boulevard,183
Punak,122
West Ferdows Boulevard,183
Central Janatabad,26
Shahr-e-Ziba,146
Ostad Moein,111
Shahrake Gharb,150
Southern Janatabad,163
Southern Janatabad,163
Dezashib,37
Northern Janatabad,108
Yousef Abad,187
Si Metri Ji,160
Ekhtiarieh,43
Ostad Moein,111
Yousef Abad,187
Parand,115
Parand,115
Shahrake Gharb,150
Pardis,117
Shahrake Gharb,150
Punak,122
Punak,122
Feiz Garden,52
Yousef Abad,187
Jordan,75
Central Janatabad,26
Pardis,117
Punak,122
Ekhtiarieh,43
Feiz Garden,52
Feiz Garden,52
Andisheh,13
Southern Janatabad,163
Farmanieh,50
Punak,122
Pardis,117
Farmanieh,50
Yousef Abad,187
Niavaran,105
Qalandari,123
Saadat Abad,135
Gheitarieh,57
Andisheh,13
West Ferdows Boulevard,183
Shahr-e-Ziba,146
Razi,131
Southern Program Organization,164
Southern Program Organization,164
Gheitarieh,57
Qalandari,123
Azari,20
Shahran,156
Pardis,117
West Ferdows Boulevard,183
Central Janatabad,26
Pasdaran,118
Gholhak,60
Saadat Abad,135
Northern Janatabad,108
Saadat Abad,135
Pardis,117
Heravi,68
Pasdaran,118
Qazvin Imamzadeh Hassan,126
Pardis,117
Persian Gulf Martyrs Lake,119
Velenjak,179
Yousef Abad,187
Dezashib,37
Pardis,117
Pasdaran,118
Central Janatabad,26
Central Janatabad,26
Mirdamad,97
Southern Chitgar,162
Pardis,117
Shahrake Apadana,148
Punak,122
Elahieh,44
Central Janatabad,26
Punak,122
Shahran,156
Punak,122
Yousef Abad,187
Dorous,39
Northern Janatabad,108
Central Janatabad,26
West Ferdows Boulevard,183
Pardis,117
Ekbatan,42
Gheitarieh,57
Heravi,68
East Ferdows Boulevard,40
Ekbatan,42
Niavaran,105
Niavaran,105
Saadat Abad,135
Northern Janatabad,108
Parand,115
Southern Program Organization,164
Niavaran,105
Pardis,117
Andisheh,13
Tarasht,167
Gheitarieh,57
North Program Organization,106
Garden of Saba,56
Ekbatan,42
Pardis,117
Shahran,156
Ostad Moein,111
Punak,122
Gholhak,60
Niavaran,105
Niavaran,105
Kamranieh,77
Kamranieh,77
Niavaran,105
Pardis,117
Shahrake Qods,152
Shahrake Qods,152
Ekbatan,42
Pardis,117
Pirouzi,120
Gheitarieh,57
Amirabad,11
Zaferanieh,189
Persian Gulf Martyrs Lake,119
Saadat Abad,135
Parand,115
Gheitarieh,57
Velenjak,179
Amirabad,11
Persian Gulf Martyrs Lake,119
Gheitarieh,57
Niavaran,105
Niavaran,105
Pardis,117
Southern Janatabad,163
Southern Janatabad,163
Shahr-e-Ziba,146
Shahr-e-Ziba,146
West Ferdows Boulevard,183
Southern Janatabad,163
Southern Janatabad,163
Zaferanieh,189
Parand,115
Qazvin Imamzadeh Hassan,126
Aqdasieh,14
Niavaran,105
Ajudaniye,7
Parastar,116
Lavasan,87
Velenjak,179
West Ferdows Boulevard,183
Ajudaniye,7
Islamshahr,71
Central Janatabad,26
Farmanieh,50
Pirouzi,120
Aqdasieh,14
Andisheh,13
Farmanieh,50
Kahrizak,76
East Ferdows Boulevard,40
Abazar,0
Pirouzi,120
Pardis,117
West Ferdows Boulevard,183
Velenjak,179
Punak,122
Qazvin Imamzadeh Hassan,126
Central Janatabad,26
Parastar,116
Parastar,116
Saadat Abad,135
Shahr-e-Ziba,146
Heravi,68
Punak,122
Amirabad,11
Persian Gulf Martyrs Lake,119
West Ferdows Boulevard,183
Persian Gulf Martyrs Lake,119
Hashemi,65
Hakimiyeh,64
Saadat Abad,135
Punak,122
Punak,122
Mirdamad,97
Railway,127
Persian Gulf Martyrs Lake,119
Pirouzi,120
Kook,86
Yousef Abad,187
Pirouzi,120
Narmak,100
Gisha,61
West Ferdows Boulevard,183
Pirouzi,120
Pirouzi,120
Pirouzi,120
Air force,6
Narmak,100
Araj,15
Niavaran,105
Mahmoudieh,90
Tenant,172
Kamranieh,77
Punak,122
Niavaran,105
North Program Organization,106
Niavaran,105
Saadat Abad,135
Punak,122
Tenant,172
Pasdaran,118
Pasdaran,118
Punak,122
Velenjak,179
Pardis,117
Shahr-e-Ziba,146
Andisheh,13
Punak,122
Tenant,172
Shahr-e-Ziba,146
Saadat Abad,135
Pasdaran,118
Punak,122
Farmanieh,50
Farmanieh,50
Farmanieh,50
Aqdasieh,14
Damavand,31
Andisheh,13
Gheitarieh,57
Sadeghieh,138
Damavand,31
Gheitarieh,57
Andisheh,13
Pakdasht,113
Andisheh,13
Andisheh,13
Pardis,117
West Ferdows Boulevard,183
Heravi,68
Air force,6
Pasdaran,118
Kook,86
Velenjak,179
Gheitarieh,57
Gheitarieh,57
Pirouzi,120
Pardis,117
Persian Gulf Martyrs Lake,119
Pardis,117
Persian Gulf Martyrs Lake,119
West Pars,184
Shahran,156
East Ferdows Boulevard,40
Pardis,117
Shahran,156
East Ferdows Boulevard,40
East Ferdows Boulevard,40
Gheitarieh,57
Rudhen,134
Aqdasieh,14
Velenjak,179
Jeyhoon,74
Pakdasht,113
Punak,122
Rudhen,134
Rudhen,134
Farmanieh,50
Rudhen,134
Abazar,0
Abazar,0
Shahrake Qods,152
Andisheh,13
Abazar,0
Abazar,0
Shahrake Qods,152
Andisheh,13
Shahrake Qods,152
Abazar,0
Southern Janatabad,163
Northern Janatabad,108
Heravi,68
Air force,6
Aqdasieh,14
Abazar,0
Gheitarieh,57
Gheitarieh,57
Abazar,0
Karoon,79
Gheitarieh,57
Jeyhoon,74
Dehkade Olampic,36
Jeyhoon,74
Ostad Moein,111
Jeyhoon,74
West Ferdows Boulevard,183
Andisheh,13
Jeyhoon,74
Qasr-od-Dasht,125
Amirabad,11
Dorous,39
Vahidieh,174
Shahran,156
Punak,122
Punak,122
West Ferdows Boulevard,183
Punak,122
Punak,122
Punak,122
Shahrake Qods,152
Shahr-e-Ziba,146
East Ferdows Boulevard,40
Andisheh,13
Punak,122
Parand,115
Pasdaran,118
Malard,92
Gholhak,60
Ostad Moein,111
Tehransar,170
Feiz Garden,52
Jeyhoon,74
Gheitarieh,57
Shahran,156
Gheitarieh,57
Pardis,117
Punak,122
Punak,122
Punak,122
Zaferanieh,189
Pardis,117
Shahran,156
Zaferanieh,189
Shahran,156
Shahran,156
Shahr-e-Ziba,146
Ostad Moein,111
Northern Suhrawardi,109
Central Janatabad,26
Shahran,156
Pirouzi,120
Persian Gulf Martyrs Lake,119
Punak,122
Velenjak,179
Farmanieh,50
Pardis,117
Pardis,117
Pardis,117
Pardis,117
Elahieh,44
Shams Abad,158
Pardis,117
Central Janatabad,26
Shams Abad,158
Pardis,117
West Ferdows Boulevard,183
Shams Abad,158
Jeyhoon,74
Salsabil,141
Andisheh,13
Andisheh,13
Pardis,117
Farmanieh,50
Velenjak,179
Salsabil,141
Aqdasieh,14
Andisheh,13
Pardis,117
Pardis,117
West Pars,184
Pardis,117
Shahrake Qods,152
Yousef Abad,187
Pardis,117
Pardis,117
Pirouzi,120
East Ferdows Boulevard,40
Pirouzi,120
Northern Janatabad,108
Pardis,117
Ostad Moein,111
Pardis,117
Sattarkhan,142
Yousef Abad,187
Niavaran,105
Niavaran,105
Yousef Abad,187
Gheitarieh,57
Kook,86
Andisheh,13
Pirouzi,120
Islamshahr,71
Tehransar,170
Saadat Abad,135
Gheitarieh,57
Persian Gulf Martyrs Lake,119
Gheitarieh,57
Gheitarieh,57
Gheitarieh,57
Gheitarieh,57
Shahrake Gharb,150
Gheitarieh,57
Pardis,117
Tarasht,167
Gheitarieh,57
Shahrake Qods,152
Saadat Abad,135
Salsabil,141
Shahrake Azadi,149
Shahrake Gharb,150
Air force,6
Shahrake Qods,152
Pasdaran,118
Tarasht,167
Pirouzi,120
Pirouzi,120
Punak,122
Beryanak,24
Pirouzi,120
Dehkade Olampic,36
Ostad Moein,111
Zaferanieh,189
Qasr-od-Dasht,125
Velenjak,179
Shahr-e-Ziba,146
West Pars,184
Parand,115
Darband,34
Parand,115
Parand,115
Punak,122
Vanak,177
Punak,122
Air force,6
Niavaran,105
Kamranieh,77
Golestan,62
Ekhtiarieh,43
Gheitarieh,57
Southern Chitgar,162
Gheitarieh,57
Railway,127
Gheitarieh,57
Shahrake Qods,152
Tehran Now,169
Gheitarieh,57
Niavaran,105
West Ferdows Boulevard,183
Gheitarieh,57
West Ferdows Boulevard,183
West Ferdows Boulevard,183
Gheitarieh,57
Gheitarieh,57
Feiz Garden,52
Niavaran,105
Beryanak,24
Feiz Garden,52
Feiz Garden,52
Southern Janatabad,163
Qasr-od-Dasht,125
Southern Janatabad,163
Andisheh,13
Shahrake Gharb,150
Azarbaijan,19
Azarbaijan,19
Qasr-od-Dasht,125
Qasr-od-Dasht,125
Saadat Abad,135
Azarbaijan,19
Andisheh,13
Shahrake Gharb,150
Mirdamad,97
Ray,128
Gheitarieh,57
Salsabil,141
Northern Chitgar,107
Jeyhoon,74
Gheitarieh,57
Heravi,68
Jeyhoon,74
Beryanak,24
Southern Janatabad,163
Jeyhoon,74
Abazar,0
Sattarkhan,142
Southern Janatabad,163
Southern Janatabad,163
Central Janatabad,26
Southern Janatabad,163
Gheitarieh,57
Zafar,188
Punak,122
Punak,122
Southern Janatabad,163
Southern Janatabad,163
Punak,122
Absard,2
Punak,122
Mirdamad,97
Punak,122
Jeyhoon,74
Punak,122
Punak,122
Zaferanieh,189
Southern Janatabad,163
Punak,122
Punak,122
Velenjak,179
Punak,122
Yaftabad,185
Punak,122
Ozgol,112
Central Janatabad,26
Shahrake Gharb,150
Northern Janatabad,108
Ozgol,112
Saadat Abad,135
Saadat Abad,135
Southern Janatabad,163
Elahieh,44
Ostad Moein,111
Shahran,156
Farmanieh,50
Ekhtiarieh,43
Shahrakeh Naft,155
Punak,122
Islamshahr,71
Gheitarieh,57
Shahr-e-Ziba,146
Punak,122
Punak,122
Punak,122
Islamshahr,71
Central Janatabad,26
Heravi,68
Jeyhoon,74
Zaferanieh,189
Zafar,188
Andisheh,13
Andisheh,13
Islamshahr,71
Islamshahr,71
Central Janatabad,26
Islamshahr,71
Islamshahr,71
Islamshahr,71
Islamshahr,71
Ostad Moein,111
Ekhtiarieh,43
Persian Gulf Martyrs Lake,119
Southern Janatabad,163
Dorous,39
Ostad Moein,111
Dezashib,37
Saadat Abad,135
Qasr-od-Dasht,125
Central Janatabad,26
Central Janatabad,26
Punak,122
Darabad,32
North Program Organization,106
Pardis,117
Amir Bahador,10
Pasdaran,118
Elahieh,44
Northern Janatabad,108
Southern Program Organization,164
Heravi,68
Southern Janatabad,163
Velenjak,179
Parand,115
Persian Gulf Martyrs Lake,119
Pasdaran,118
West Ferdows Boulevard,183
Pasdaran,118
Southern Janatabad,163
Saadat Abad,135
Shahr-e-Ziba,146
Northern Chitgar,107
Shahrake Qods,152
Shahrake Qods,152
Ekhtiarieh,43
Punak,122
Ekhtiarieh,43
Parand,115
Damavand,31
Jeyhoon,74
Gheitarieh,57
Ekhtiarieh,43
Saadat Abad,135
Shahran,156
Saadat Abad,135
Ekhtiarieh,43
Velenjak,179
Central Janatabad,26
West Ferdows Boulevard,183
Shahr-e-Ziba,146
Komeil,84
Saadat Abad,135
Pardis,117
West Ferdows Boulevard,183
Shahrake Qods,152
Saadat Abad,135
Saadat Abad,135
Shahrake Qods,152
Abazar,0
Saadat Abad,135
Pardis,117
Shahr-e-Ziba,146
Ostad Moein,111
West Ferdows Boulevard,183
West Ferdows Boulevard,183
West Ferdows Boulevard,183
Saadat Abad,135
West Ferdows Boulevard,183
Ostad Moein,111
Saadat Abad,135
Saadat Abad,135
West Ferdows Boulevard,183
Saadat Abad,135
Ekhtiarieh,43
Saadat Abad,135
Saadat Abad,135
Shahrake Gharb,150
Andisheh,13
Saadat Abad,135
Saadat Abad,135
Saadat Abad,135
Saadat Abad,135
Southern Program Organization,164
West Ferdows Boulevard,183
West Ferdows Boulevard,183
East Ferdows Boulevard,40
Shahrake Gharb,150
Saadat Abad,135
Shahrake Qods,152
West Ferdows Boulevard,183
Saadat Abad,135
Shahran,156
Pardis,117
East Ferdows Boulevard,40
Jeyhoon,74
West Ferdows Boulevard,183
Azarbaijan,19
Shahran,156
Punak,122
Qalandari,123
Pardis,117
Pirouzi,120
Aqdasieh,14
Saadat Abad,135
Eram,47
Jeyhoon,74
Shahrake Gharb,150
Shahr-e-Ziba,146
Pardis,117
Pardis,117
Gheitarieh,57
Elahieh,44
Ekhtiarieh,43
Ostad Moein,111
Southern Program Organization,164
Parand,115
Gheitarieh,57
Punak,122
Ekhtiarieh,43
Kamranieh,77
Southern Program Organization,164
Shahrake Qods,152
Shahrake Qods,152
Parand,115
Andisheh,13
Andisheh,13
Parand,115
Ekhtiarieh,43
Pasdaran,118
Jeyhoon,74
Pasdaran,118
Saadat Abad,135
Northern Janatabad,108
Saadat Abad,135
Shahr-e-Ziba,146
Pirouzi,120
Pardis,117
Ostad Moein,111
Gheitarieh,57
Feiz Garden,52
Pardis,117
Azarbaijan,19
Southern Janatabad,163
Southern Janatabad,163
Pardis,117
Saadat Abad,135
Shahrake Gharb,150
Shahr-e-Ziba,146
Shahrake Gharb,150
Yousef Abad,187
Central Janatabad,26
Gheitarieh,57
North Program Organization,106
Southern Janatabad,163
Punak,122
Northern Janatabad,108
West Ferdows Boulevard,183
Persian Gulf Martyrs Lake,119
Dehkade Olampic,36
Pardis,117
West Ferdows Boulevard,183
Tarasht,167
Water Organization,181
Northern Janatabad,108
Aqdasieh,14
Punak,122
Gheitarieh,57
Ajudaniye,7
Kamranieh,77
Gheitarieh,57
Azadshahr,18
Dehkade Olampic,36
Shahran,156
Pardis,117
Persian Gulf Martyrs Lake,119
Shahrake Qods,152
Azadshahr,18
Shahran,156
Persian Gulf Martyrs Lake,119
Farmanieh,50
Shahr-e-Ziba,146
Shahran,156
West Ferdows Boulevard,183
Yousef Abad,187
Northern Janatabad,108
Farmanieh,50
Hakimiyeh,64
Shahran,156
Gheitarieh,57
Niavaran,105
Farmanieh,50
West Ferdows Boulevard,183
Gheitarieh,57
Gheitarieh,57
Atabak,17
Yousef Abad,187
Shahran,156
Ekhtiarieh,43
Shahran,156
Ekhtiarieh,43
Persian Gulf Martyrs Lake,119
Shahran,156
Shahran,156
Shahrake Qods,152
Shahran,156
Shahran,156
Shahr-e-Ziba,146
Pardis,117
Shahr-e-Ziba,146
Pardis,117
Pardis,117
Pardis,117
Shahr-e-Ziba,146
Shahr-e-Ziba,146
Central Janatabad,26
Punak,122
Gheitarieh,57
Heravi,68
Absard,2
Shahrake Gharb,150
Pakdasht,113
Damavand,31
Damavand,31
Persian Gulf Martyrs Lake,119
Persian Gulf Martyrs Lake,119
Sabalan,137
Shahrake Qods,152
Gheitarieh,57
Narmak,100
Gheitarieh,57
Heravi,68
Gheitarieh,57
Gheitarieh,57
Gheitarieh,57
Gheitarieh,57
Gheitarieh,57
Heravi,68
Gheitarieh,57
Gheitarieh,57
Gheitarieh,57
Heravi,68
Gheitarieh,57
Velenjak,179
Gheitarieh,57
Gheitarieh,57
Gheitarieh,57
Pirouzi,120
Gheitarieh,57
Gheitarieh,57
Saadat Abad,135
Araj,15
Aqdasieh,14
Araj,15
Gheitarieh,57
Araj,15
Aqdasieh,14
Si Metri Ji,160
Jeyhoon,74
Beryanak,24
Araj,15
Ostad Moein,111
Amirabad,11
Aqdasieh,14
Parand,115
Araj,15
Ostad Moein,111
Araj,15
Pirouzi,120
Aqdasieh,14
Saadat Abad,135
Gheitarieh,57
Saadat Abad,135
Aqdasieh,14
Saadat Abad,135
Aqdasieh,14
Ostad Moein,111
Araj,15
Araj,15
Aqdasieh,14
Shahrake Qods,152
Aqdasieh,14
Jeyhoon,74
Gheitarieh,57
Ostad Moein,111
Gheitarieh,57
Central Janatabad,26
Gheitarieh,57
Shahran,156
Northern Janatabad,108
Gheitarieh,57
Jeyhoon,74
Shahrake Qods,152
Gheitarieh,57
Shahrake Qods,152
Shahrake Qods,152
Southern Janatabad,163
Gheitarieh,57
Jeyhoon,74
Shahrake Qods,152
Shahrake Qods,152
Shahrake Qods,152
Gheitarieh,57
Shahrake Qods,152
Gheitarieh,57
Farmanieh,50
Gheitarieh,57
Farmanieh,50
Damavand,31
Saadat Abad,135
Salsabil,141
Saadat Abad,135
Jeyhoon,74
Pardis,117
Pardis,117
Shahrake Gharb,150
Pardis,117
Punak,122
Shahran,156
Shahran,156
Pardis,117
West Ferdows Boulevard,183
Shahrake Gharb,150
Shahr-e-Ziba,146
Southern Program Organization,164
West Ferdows Boulevard,183
West Ferdows Boulevard,183
Shahran,156
Punak,122
Shahrake Gharb,150
Shahrake Gharb,150
Pakdasht,113
Railway,127
Persian Gulf Martyrs Lake,119
Persian Gulf Martyrs Lake,119
Persian Gulf Martyrs Lake,119
Beryanak,24
Punak,122
Heshmatieh,69
Elm-o-Sanat,45
Saadat Abad,135
Golestan,62
Jeyhoon,74
Parand,115
Gheitarieh,57
Shahrake Qods,152
Ostad Moein,111
Narmak,100
Andisheh,13
Shahryar,157
Nasim Shahr,101
Baghestan,21
North Program Organization,106
Shahr-e-Ziba,146
Shahrake Qods,152
SabaShahr,136
Railway,127
Andisheh,13
Dehkade Olampic,36
Shahrake Madaen,151
Pakdasht,113
Ostad Moein,111
Azadshahr,18
Salsabil,141
Tehransar,170
Shahr-e-Ziba,146
Railway,127
Central Janatabad,26
Andisheh,13
West Ferdows Boulevard,183
Central Janatabad,26
Qasr-od-Dasht,125
Shahr-e-Ziba,146
Shahran,156
Beryanak,24
Shahr-e-Ziba,146
Shahr-e-Ziba,146
Southern Janatabad,163
Persian Gulf Martyrs Lake,119
Beryanak,24
Hashemi,65
West Ferdows Boulevard,183
Salsabil,141
Shahrakeh Naft,155
Shahrake Gharb,150
East Ferdows Boulevard,40
Valiasr,176
Yousef Abad,187
Waterfall,182
Sadeghieh,138
Baghestan,21
Pardis,117
Qasr-od-Dasht,125
Central Janatabad,26
Ostad Moein,111
Pardis,117
Shahryar,157
Pakdasht,113
Ahang,5
Sattarkhan,142
Shahran,156
Sattarkhan,142
Jeyhoon,74
Pirouzi,120
West Ferdows Boulevard,183
Central Janatabad,26
Shahran,156
Baghestan,21
Shahrake Qods,152
Ostad Moein,111
Ray,128
Komeil,84
Andisheh,13
Hashemi,65
Eskandari,48
East Ferdows Boulevard,40
Persian Gulf Martyrs Lake,119
Qasr-od-Dasht,125
Shahran,156
Salsabil,141
Pirouzi,120
Aqdasieh,14
Salehabad,140
Niavaran,105
Absard,2
Feiz Garden,52
Pakdasht,113
Golestan,62
Southern Program Organization,164
Baghestan,21
Shahr-e-Ziba,146
Shahran,156
Pasdaran,118
Zafar,188
Qarchak,124
Sattarkhan,142
Ray,128
Ray,128
Punak,122
Niavaran,105
West Ferdows Boulevard,183
Pishva,121
Ostad Moein,111
Jeyhoon,74
Sattarkhan,142
Karoon,79
Andisheh,13
Andisheh,13
Beryanak,24
Salsabil,141
West Pars,184
Jeyhoon,74
Jeyhoon,74
Salsabil,141
Andisheh,13
Beryanak,24
Si Metri Ji,160
Central Janatabad,26
Jeyhoon,74
Shahrake Qods,152
Beryanak,24
Beryanak,24
Beryanak,24
Salsabil,141
Ostad Moein,111
Shahr-e-Ziba,146
Parand,115
Baghestan,21
Shahr-e-Ziba,146
Persian Gulf Martyrs Lake,119
Andisheh,13
Jordan,75
Shahrake Shahid Bagheri,154
Beryanak,24
Pardis,117
Pardis,117
Punak,122
Jordan,75
Heravi,68
Yousef Abad,187
Enghelab,46
Niavaran,105
Heravi,68
Pakdasht,113
Pirouzi,120
Yousef Abad,187
Golestan,62
Gisha,61
Ostad Moein,111
Yousef Abad,187
Southern Janatabad,163
Baghestan,21
Islamshahr Elahieh,72
Salsabil,141
Yousef Abad,187
Jeyhoon,74
Si Metri Ji,160
Pirouzi,120
Yousef Abad,187
Pakdasht,113
Pakdasht,113
Shahran,156
Shahran,156
Pakdasht,113
Yousef Abad,187
Pakdasht,113
Yousef Abad,187
Islamshahr,71
Parand,115
Niavaran,105
Zaferanieh,189
Yousef Abad,187
Zafar,188
Elahieh,44
Niavaran,105
Andisheh,13
Aqdasieh,14
Punak,122
Niavaran,105
Niavaran,105
Gheitarieh,57
Kamranieh,77
Niavaran,105
Ray - Montazeri,129
Punak,122
West Ferdows Boulevard,183
Islamshahr,71
Darabad,32
Velenjak,179
Elahieh,44
Punak,122
Aqdasieh,14
Narmak,100
Shahr-e-Ziba,146
Ozgol,112
Amirabad,11
West Ferdows Boulevard,183
Valiasr,176
Parand,115
Jeyhoon,74
West Ferdows Boulevard,183
Firoozkooh Kuhsar,54
West Ferdows Boulevard,183
West Ferdows Boulevard,183
Narmak,100
West Ferdows Boulevard,183
Northern Janatabad,108
Parand,115
Ostad Moein,111
West Ferdows Boulevard,183
Salsabil,141
Salsabil,141
Azarbaijan,19
Southern Program Organization,164
Ghoba,59
Salsabil,141
Shahryar,157
Salsabil,141
Shahryar,157
Qasr-od-Dasht,125
Hashemi,65
Salsabil,141
Hashemi,65
Salsabil,141
Andisheh,13
Hashemi,65
Hashemi,65
Salsabil,141
Eskandari,48
Azarbaijan,19
Komeil,84
Andisheh,13
Jeyhoon,74
Qasr-od-Dasht,125
Salsabil,141
Golestan,62
Pardis,117
Azarbaijan,19
Kahrizak,76
Karoon,79
Farmanieh,50
Central Janatabad,26
Jeyhoon,74
Salsabil,141
Jeyhoon,74
Niavaran,105
Pirouzi,120
Parand,115
Salsabil,141
Salsabil,141
Jeyhoon,74
Karoon,79
Ekhtiarieh,43
Valiasr,176
Marzdaran,93
Karoon,79
Ostad Moein,111
Central Janatabad,26
Salsabil,141
Niavaran,105
Zaferanieh,189
Niavaran,105
Hekmat,67
Parand,115
Zaferanieh,189
Ekhtiarieh,43
Andisheh,13
Shams Abad,158
Zaferanieh,189
ShahrAra,147
East Ferdows Boulevard,40
Farmanieh,50
Gheitarieh,57
Farmanieh,50
Niavaran,105
Niavaran,105
Northern Chitgar,107
Shams Abad,158
Niavaran,105
Pirouzi,120
Ostad Moein,111
Punak,122
Parand,115
Pirouzi,120
Si Metri Ji,160
Parand,115
Parand,115
Kahrizak,76
Amirabad,11
Islamshahr,71
Afsarieh,4
Ekhtiarieh,43
Ostad Moein,111
Saadat Abad,135
Kamranieh,77
Heravi,68
Heravi,68
Aqdasieh,14
Farmanieh,50
Shahedshahr,145
Golestan,62
Ostad Moein,111
Gholhak,60
Shahr-e-Ziba,146
Andisheh,13
Southern Program Organization,164
Shahr-e-Ziba,146
Northren Jamalzadeh,110
Andisheh,13
Punak,122
Shahrake Gharb,150
Pardis,117
Jeyhoon,74
Pakdasht,113
Punak,122
Shahrake Qods,152
Punak,122
Sattarkhan,142
Punak,122
Qasr-od-Dasht,125
Pakdasht,113
Zafar,188
Saadat Abad,135
West Ferdows Boulevard,183
Jeyhoon,74
West Ferdows Boulevard,183
Shahrake Qods,152
Shahran,156
Narmak,100
Mehrabad,94
Southern Program Organization,164
Salsabil,141
Qasr-od-Dasht,125
Salsabil,141
Salsabil,141
Salsabil,141
Salsabil,141
Tehran Now,169
Ekhtiarieh,43
Qasr-od-Dasht,125
Northern Suhrawardi,109
Southern Suhrawardi,165
Islamshahr,71
Heravi,68
Jeyhoon,74
Ekhtiarieh,43
Parand,115
Andisheh,13
Andisheh,13
Azarbaijan,19
Andisheh,13
Islamshahr,71
Tehransar,170
Kahrizak,76
Dezashib,37
Kahrizak,76
Kahrizak,76
Kahrizak,76
Kahrizak,76
Kahrizak,76
Kahrizak,76
Mirdamad,97
Pardis,117
Gholhak,60
Kahrizak,76
Punak,122
Pardis,117
Gheitarieh,57
Tehransar,170
Damavand,31
Kamranieh,77
Shahran,156
Parand,115
Abuzar,3
Northern Suhrawardi,109
Dolatabad,38
Karoon,79
Punak,122
Niavaran,105
Salsabil,141
Jordan,75
Salsabil,141
Shahrake Qods,152
Damavand,31
Shahrake Qods,152
Ekhtiarieh,43
Shahran,156
Shahrake Qods,152
Salsabil,141
Shahran,156
Shahrake Qods,152
Pardis,117
Shahrake Qods,152
Elm-o-Sanat,45
Punak,122
Hor Square,70
Niavaran,105
Jeyhoon,74
Hor Square,70
Hor Square,70
Hor Square,70
Hor Square,70
Parand,115
Nezamabad,104
Zaferanieh,189
Dolatabad,38
Damavand,31
Razi,131
Damavand,31
Damavand,31
Parand,115
Razi,131
Shahrake Qods,152
Abuzar,3
East Pars,41
Narmak,100
Gisha,61
Islamshahr,71
Tarasht,167
Marzdaran,93
Azarbaijan,19
Marzdaran,93
Marzdaran,93
Damavand,31
Heravi,68
Pardis,117
Parand,115
Parand,115
Parand,115
Parand,115
Pardis,117
Pardis,117
Parand,115
Parand,115
Narmak,100
Razi,131
Feiz Garden,52
Parand,115
Islamshahr,71
Islamshahr,71
Shahrake Gharb,150
Islamshahr,71
Pardis,117
Andisheh,13
Punak,122
Punak,122
Parand,115
Parand,115
Parand,115
Parand,115
Parand,115
Parand,115
Parand,115
Pirouzi,120
Parand,115
Parand,115
Parand,115
Southern Janatabad,163
Jeyhoon,74
Majidieh,91
Central Janatabad,26
Punak,122
Gheitarieh,57
Andisheh,13
West Ferdows Boulevard,183
Shahrake Gharb,150
Heshmatieh,69
Heshmatieh,69
Jeyhoon,74
Central Janatabad,26
East Ferdows Boulevard,40
Shahr-e-Ziba,146
Persian Gulf Martyrs Lake,119
Shahrake Qods,152
Parand,115
Southern Janatabad,163
Taslihat,168
Pakdasht,113
Punak,122
Persian Gulf Martyrs Lake,119
Zafar,188
Rudhen,134
Andisheh,13
Kazemabad,80
Si Metri Ji,160
Damavand,31
Tajrish,166
Persian Gulf Martyrs Lake,119
Shahedshahr,145
Islamshahr,71
Feiz Garden,52
Narmak,100
Si Metri Ji,160
Zafar,188
Shahran,156
Ekhtiarieh,43
Parand,115
Islamshahr,71
Central Janatabad,26
Haft Tir,63
Shahrake Gharb,150
Karoon,79
Qasr-od-Dasht,125
Jeyhoon,74
Shams Abad,158
Salsabil,141
Central Janatabad,26
Pakdasht,113
Pardis,117
Keshavarz Boulevard,81
Karoon,79
Karoon,79
Pasdaran,118
Jeyhoon,74
Persian Gulf Martyrs Lake,119
Robat Karim,133
Parand,115
Islamshahr,71
Elahieh,44
Yousef Abad,187
Robat Karim,133
East Pars,41
Damavand,31
Feiz Garden,52
West Ferdows Boulevard,183
Southern Janatabad,163
Pirouzi,120
Northern Chitgar,107
Pardis,117
Pasdaran,118
Elahieh,44
Pasdaran,118
Feiz Garden,52
Shahran,156
Ray - Pilgosh,130
Ekhtiarieh,43
Parand,115
Islamshahr,71
Feiz Garden,52
Shahr-e-Ziba,146
Damavand,31
Gholhak,60
Pasdaran,118
Andisheh,13
Republic,132
Tehran Now,169
Andisheh,13
Shahryar,157
Shahran,156
Damavand,31
Northern Chitgar,107
Niavaran,105
Andisheh,13
Zargandeh,190
Narmak,100
Koohsar,85
Ghiyamdasht,58
Damavand,31
Saadat Abad,135
Parand,115
Golestan,62
Islamshahr,71
Southern Janatabad,163
Shahr-e-Ziba,146
Parand,115
Elahieh,44
Pirouzi,120
Gholhak,60
Shahedshahr,145
Southern Janatabad,163
Farmanieh,50
Kahrizak,76
Shahran,156
Abazar,0
Pakdasht,113
Telecommunication,171
Shahran,156
Parand,115
Islamshahr,71
Northern Chitgar,107
Hakimiyeh,64
Parand,115
Qasr-od-Dasht,125
Air force,6
Shahran,156
Ray,128
Northern Chitgar,107
Republic,132
Saadat Abad,135
Golestan,62
Persian Gulf Martyrs Lake,119
North Program Organization,106
East Ferdows Boulevard,40
North Program Organization,106
Niavaran,105
Gheitarieh,57
Mirza Shirazi,98
Northern Chitgar,107
Northren Jamalzadeh,110
Northren Jamalzadeh,110
Yousef Abad,187
Northren Jamalzadeh,110
Mehran,96
Northren Jamalzadeh,110
Northren Jamalzadeh,110
Parand,115
Koohsar,85
Parand,115
Gandhi,55
Shahr-e-Ziba,146
Shahr-e-Ziba,146
Shahran,156
Northren Jamalzadeh,110
Parand,115
Gholhak,60
Parand,115
Northren Jamalzadeh,110
Shahr-e-Ziba,146
Shahr-e-Ziba,146
Narmak,100
Si Metri Ji,160
Andisheh,13
Karimkhan,78
Parand,115
Argentina,16
Parand,115
Parand,115
Mehran,96
Central Janatabad,26
Parand,115
Parand,115
Parand,115
Parand,115
Marzdaran,93
Ostad Moein,111
Parand,115
Seyed Khandan,143
Malard,92
Feiz Garden,52
Afsarieh,4
Shahrake Quds,153
Pirouzi,120
Fallah,49
Gheitarieh,57
Safadasht,139
Niavaran,105
Shahrake Qods,152
Ostad Moein,111
Si Metri Ji,160
Jeyhoon,74
Rudhen,134
Saadat Abad,135
Shahrake Quds,153
West Ferdows Boulevard,183
Northren Jamalzadeh,110
Northren Jamalzadeh,110
Karoon,79
Azarbaijan,19
Northren Jamalzadeh,110
Amirabad,11
Afsarieh,4
Central Janatabad,26
Central Janatabad,26
Pasdaran,118
Heravi,68
West Ferdows Boulevard,183
Seyed Khandan,143
West Ferdows Boulevard,183
Northren Jamalzadeh,110
Ostad Moein,111
Tajrish,166
Ozgol,112
Persian Gulf Martyrs Lake,119
North Program Organization,106
Hashemi,65
Persian Gulf Martyrs Lake,119
Persian Gulf Martyrs Lake,119
Persian Gulf Martyrs Lake,119
Punak,122
Karimkhan,78
Lavasan,87
Jeyhoon,74
Beryanak,24
Ostad Moein,111
Beryanak,24
Jeyhoon,74
Beryanak,24
Qarchak,124
Parand,115
Ostad Moein,111
Pirouzi,120
Andisheh,13
Ostad Moein,111
Pirouzi,120
Southern Suhrawardi,165
Mehran,96
Jeyhoon,74
Komeil,84
Komeil,84
Beryanak,24
Parand,115
Ostad Moein,111
Khademabad Garden,82
Tenant,172
Tenant,172
Mirdamad,97
Jeyhoon,74
Tenant,172
Andisheh,13
Andisheh,13
Shahrake Gharb,150
Si Metri Ji,160
Salsabil,141
Tenant,172
Tenant,172
Punak,122
Pakdasht,113
Tenant,172
Tenant,172
Tenant,172
Tenant,172
Tenant,172
Ostad Moein,111
Tenant,172
Tenant,172
Tenant,172
Tenant,172
Tenant,172
Dezashib,37
Andisheh,13
Tenant,172
Tajrish,166
Tenant,172
Gisha,61
Persian Gulf Martyrs Lake,119
Andisheh,13
Persian Gulf Martyrs Lake,119
Yousef Abad,187
Mirdamad,97
Jeyhoon,74
Hakimiyeh,64
Farmanieh,50
Pardis,117
Ostad Moein,111
Persian Gulf Martyrs Lake,119
Tenant,172
Parand,115
Sabalan,137
Jeyhoon,74
Karoon,79
Farmanieh,50
Jeyhoon,74
Gheitarieh,57
Valiasr,176
Ostad Moein,111
Azarbaijan,19
Parand,115
Si Metri Ji,160
Zafar,188
Hor Square,70
Shahran,156
Ostad Moein,111
Parand,115
Ekhtiarieh,43
Fallah,49
East Ferdows Boulevard,40
Fallah,49
Fallah,49
Fallah,49
Ostad Moein,111
Hashemi,65
Ostad Moein,111
Si Metri Ji,160
East Pars,41
Persian Gulf Martyrs Lake,119
Ray,128
Persian Gulf Martyrs Lake,119
Abazar,0
Shahrake Quds,153
Railway,127
East Pars,41
Central Janatabad,26
Ostad Moein,111
Si Metri Ji,160
Central Janatabad,26
West Ferdows Boulevard,183
Shahrake Qods,152
Ostad Moein,111
Jeyhoon,74
Persian Gulf Martyrs Lake,119
Shahr-e-Ziba,146
Niavaran,105
West Ferdows Boulevard,183
Ostad Moein,111
West Ferdows Boulevard,183
Ostad Moein,111
Andisheh,13
West Ferdows Boulevard,183
West Ferdows Boulevard,183
Punak,122
Ostad Moein,111
Parastar,116
West Ferdows Boulevard,183
East Pars,41
Persian Gulf Martyrs Lake,119
Shahran,156
Pasdaran,118
Keshavarz Boulevard,81
Shahrake Quds,153
Andisheh,13
Yousef Abad,187
Karoon,79
Saadat Abad,135
North Program Organization,106
North Program Organization,106
Abazar,0
Hassan Abad,66
East Pars,41
Persian Gulf Martyrs Lake,119
North Program Organization,106
West Ferdows Boulevard,183
Islamshahr,71
Shahrake Gharb,150
Islamshahr,71
North Program Organization,106
Islamshahr,71
Islamshahr,71
Saadat Abad,135
Shahryar,157
Parand,115
Nawab,102
Parand,115
Feiz Garden,52
Pasdaran,118
Pasdaran,118
Pakdasht,113
Marzdaran,93
Si Metri Ji,160
Jeyhoon,74
Marzdaran,93
Waterfall,182
Marzdaran,93
Chidz,30
Mahallati,89
Seyed Khandan,143
Ekhtiarieh,43
Northern Janatabad,108
Salsabil,141
Abazar,0
Central Janatabad,26
East Ferdows Boulevard,40
Yousef Abad,187
Salsabil,141
Parand,115
Jeyhoon,74
Jeyhoon,74
Jordan,75
Saadat Abad,135
East Ferdows Boulevard,40
Saadat Abad,135
Farmanieh,50
Punak,122
Si Metri Ji,160
Jeyhoon,74
Si Metri Ji,160
Hashemi,65
Punak,122
Persian Gulf Martyrs Lake,119
Shahrake Gharb,150
Niavaran,105
Qasr-od-Dasht,125
Karoon,79
Mirdamad,97
Azarbaijan,19
Niavaran,105
Hashemi,65
Shahran,156
Northern Janatabad,108
Parand,115
Mirdamad,97
Southern Janatabad,163
Yousef Abad,187
Shahrake Gharb,150
Tehransar,170
Gheitarieh,57
Shahryar,157
Shahran,156
Punak,122
Central Janatabad,26
Punak,122
Shahran,156
Niavaran,105
Keshavarz Boulevard,81
Shahrake Qods,152
Sadeghieh,138
Jeyhoon,74
Shahran,156
Sadeghieh,138
Pakdasht,113
Tenant,172
Damavand,31
Shahr-e-Ziba,146
Mirdamad,97
Shahr-e-Ziba,146
Parand,115
West Pars,184
Shahrake Qods,152
Pardis,117
Central Janatabad,26
Gheitarieh,57
Mirdamad,97
Shahrake Azadi,149
West Ferdows Boulevard,183
Central Janatabad,26
Parand,115
Pardis,117
Jordan,75
Shahr-e-Ziba,146
Fallah,49
Niavaran,105
Jeyhoon,74
Northern Janatabad,108
Southern Program Organization,164
Shahrake Gharb,150
Shahr-e-Ziba,146
Shahr-e-Ziba,146
Mehran,96
East Ferdows Boulevard,40
Punak,122
Atabak,17
Amir Bahador,10
Southern Janatabad,163
West Ferdows Boulevard,183
Jeyhoon,74
Shahran,156
Salsabil,141
Si Metri Ji,160
Zafar,188
Punak,122
Gheitarieh,57
Persian Gulf Martyrs Lake,119
Si Metri Ji,160
Heravi,68
West Ferdows Boulevard,183
Golestan,62
Andisheh,13
Azarbaijan,19
Jeyhoon,74
Jeyhoon,74
Jeyhoon,74
Dorous,39
Si Metri Ji,160
Narmak,100
Shahr-e-Ziba,146
Persian Gulf Martyrs Lake,119
Jordan,75
Khavaran,83
Pasdaran,118
Salsabil,141
Qarchak,124
Northern Chitgar,107
Heravi,68
East Ferdows Boulevard,40
Argentina,16
Si Metri Ji,160
Parand,115
Parand,115
Qasr-od-Dasht,125
Ostad Moein,111
West Ferdows Boulevard,183
Southern Program Organization,164
Komeil,84
Southern Janatabad,163
Ostad Moein,111
Khavaran,83
Velenjak,179
Ostad Moein,111
North Program Organization,106
Shahrake Gharb,150
Shahran,156
Boloorsazi,25
Salsabil,141
Beryanak,24
Punak,122
Heravi,68
Air force,6
West Ferdows Boulevard,183
Gheitarieh,57
Punak,122
Parand,115
Khavaran,83
Central Janatabad,26
Shahran,156
Shahran,156
Parand,115
Tajrish,166
Mehrabad River River,95
Gheitarieh,57
Parand,115
Shahran,156
Shahran,156
Central Janatabad,26
Jordan,75
Abuzar,3
Komeil,84
Yousef Abad,187
Tajrish,166
Shahrake Qods,152
Qasr-od-Dasht,125
Salsabil,141
Velenjak,179
Shahrake Qods,152
Jeyhoon,74
Gheitarieh,57
Varamin - Beheshti,178
Jeyhoon,74
Mirdamad,97
Shahrake Qods,152
Shahrake Qods,152
Shahrake Qods,152
Shahrake Qods,152
Water Organization,181
Shahran,156
East Ferdows Boulevard,40
Saadat Abad,135
Saadat Abad,135
Saadat Abad,135
Si Metri Ji,160
Shoosh,159
Elahieh,44
Persian Gulf Martyrs Lake,119
Shahr-e-Ziba,146
Jeyhoon,74
Salsabil,141
Salsabil,141
Ostad Moein,111
Southern Janatabad,163
Ostad Moein,111
Ostad Moein,111
Jordan,75
Northern Chitgar,107
Jeyhoon,74
Shahran,156
Vanak,177
Saadat Abad,135
Salsabil,141
Azarbaijan,19
Yousef Abad,187
Northern Chitgar,107
Punak,122
Komeil,84
North Program Organization,106
Azarbaijan,19
Andisheh,13
East Ferdows Boulevard,40
Northern Chitgar,107
Saadat Abad,135
Fatemi,51
Parand,115
Amirieh,12
Shahran,156
Shahran,156
Shahr-e-Ziba,146
Shahran,156
Taslihat,168
Sadeghieh,138
Kook,86
Thirteen November,173
West Ferdows Boulevard,183
West Ferdows Boulevard,183
Zargandeh,190
Shahran,156
Shahran,156
Shahedshahr,145
Shahran,156
Northern Chitgar,107
Hashemi,65
Punak,122
Railway,127
Ostad Moein,111
Jeyhoon,74
Niavaran,105
Kamranieh,77
Central Janatabad,26
Parand,115
Punak,122
Darakeh,33
Persian Gulf Martyrs Lake,119
West Ferdows Boulevard,183
Punak,122
Shahran,156
Sattarkhan,142
Jeyhoon,74
Parand,115
Aliabad South,9
Punak,122
Parand,115
Punak,122
West Ferdows Boulevard,183
Jeyhoon,74
Punak,122
Pirouzi,120
Jordan,75
Shahran,156
Niavaran,105
Amirabad,11
Shahran,156
Punak,122
Shahran,156
Ostad Moein,111
Southern Janatabad,163
Jordan,75
ShahrAra,147
Gheitarieh,57
Yousef Abad,187
Alborz Complex,8
Punak,122
Shahran,156
Shahran,156
Shahran,156
Narmak,100
Ostad Moein,111
Fatemi,51
Punak,122
Central Janatabad,26
Beryanak,24
Salsabil,141
Karoon,79
Jordan,75
Qasr-od-Dasht,125
Salsabil,141
Gheitarieh,57
Saadat Abad,135
Eskandari,48
Punak,122
Kamranieh,77
Ekhtiarieh,43
Karoon,79
Azarbaijan,19
Central Janatabad,26
Salsabil,141
Farmanieh,50
Parand,115
Pirouzi,120
Feiz Garden,52
Jeyhoon,74
Azarbaijan,19
Shahryar,157
Gheitarieh,57
Shahran,156
Gheitarieh,57
Niavaran,105
Elahieh,44
Parand,115
Ostad Moein,111
Pishva,121
Jordan,75
Punak,122
Elahieh,44
Beryanak,24
Farmanieh,50
Farmanieh,50
Gheitarieh,57
Shahr-e-Ziba,146
Azarbaijan,19
Shahran,156
Shahran,156
Shahrake Gharb,150
Pardis,117
Shahr-e-Ziba,146
Persian Gulf Martyrs Lake,119
Shahran,156
Shahran,156
Shahrake Qods,152
Jeyhoon,74
Saadat Abad,135
Qasr-od-Dasht,125
Shahr-e-Ziba,146
Persian Gulf Martyrs Lake,119
Parand,115
Parand,115
Saadat Abad,135
Mirdamad,97
Parand,115
Firoozkooh,53
Yousef Abad,187
Golestan,62
West Pars,184
Amirabad,11
Punak,122
Saadat Abad,135
Jeyhoon,74
Vahidiyeh,175
Shadabad,144
Andisheh,13
West Ferdows Boulevard,183
Persian Gulf Martyrs Lake,119
Persian Gulf Martyrs Lake,119
Persian Gulf Martyrs Lake,119
Beryanak,24
Gheitarieh,57
Parand,115
Ozgol,112
Yousef Abad,187
Punak,122
Salsabil,141
Andisheh,13
Persian Gulf Martyrs Lake,119
Parand,115
Ozgol,112
Narmak,100
Gheitarieh,57
Gheitarieh,57
Farmanieh,50
Ahang,5
West Pars,184
Parand,115
Naziabad,103
Punak,122
Parand,115
Jordan,75
Afsarieh,4
Jordan,75
Azarbaijan,19
Azarbaijan,19
Pardis,117
Kook,86
Shahrake Gharb,150
Shahrake Gharb,150
Shahrake Gharb,150
Shahrake Gharb,150
Andisheh,13
Parand,115
Jeyhoon,74
Parand,115
Parand,115
Central Janatabad,26
Gheitarieh,57
Vahidieh,174
Salsabil,141
Afsarieh,4
West Ferdows Boulevard,183
Shahran,156
East Ferdows Boulevard,40
Southern Janatabad,163
Northern Janatabad,108
West Pars,184
Southern Janatabad,163
Southern Janatabad,163
Central Janatabad,26
Narmak,100
Niavaran,105
ShahrAra,147
Parand,115
Marzdaran,93
Feiz Garden,52
Pasdaran,118
Pasdaran,118
Pirouzi,120
Marzdaran,93
Chidz,30
Farmanieh,50
Central Janatabad,26
Mahmoudieh,90
Tehran Now,169
Marzdaran,93
Kook,86
Niavaran,105
Ghoba,59
Southern Janatabad,163
Central Janatabad,26
West Ferdows Boulevard,183
Damavand,31
Salsabil,141
Punak,122
Salsabil,141
Amirieh,12
Salsabil,141
Shahran,156
Southern Janatabad,163
Republic,132
Rudhen,134
Amirieh,12
Qasr-od-Dasht,125
Amirieh,12
Amirieh,12
Parand,115
West Ferdows Boulevard,183
Shahr-e-Ziba,146
East Ferdows Boulevard,40
Abazar,0
Pasdaran,118
Heravi,68
Southern Janatabad,163
Islamshahr,71
Kahrizak,76
Javadiyeh,73
Shahran,156
Southern Janatabad,163
Saadat Abad,135
Saadat Abad,135
Atabak,17
Saadat Abad,135
Saadat Abad,135
Saadat Abad,135
Damavand,31
Saadat Abad,135
Central Janatabad,26
Shahran,156
Yousef Abad,187
Shahran,156
Darabad,32
Si Metri Ji,160
Narmak,100
Mirdamad,97
Tehransar,170
Jeyhoon,74
Shahr-e-Ziba,146
Yakhchiabad,186
Persian Gulf Martyrs Lake,119
Shoosh,159
Shahrake Quds,153
Jeyhoon,74
Parand,115
Parand,115
West Ferdows Boulevard,183
Shahrake Qods,152
Daryan No,35
Parand,115
Velenjak,179
Mehran,96
Persian Gulf Martyrs Lake,119
Ostad Moein,111
Kamranieh,77
Punak,122
Sattarkhan,142
Punak,122
Shahran,156
West Ferdows Boulevard,183
Waterfall,182
Punak,122
Central Janatabad,26
Central Janatabad,26
Mehran,96
Marzdaran,93
West Ferdows Boulevard,183
Shahryar,157
Vahidiyeh,175
Velenjak,179
Daryan No,35
Ostad Moein,111
Parand,115
Punak,122
West Ferdows Boulevard,183
Shahrake Gharb,150
Damavand,31
Beryanak,24
Andisheh,13
West Ferdows Boulevard,183
West Ferdows Boulevard,183
Mehran,96
Shahran,156
Niavaran,105
Ostad Moein,111
Feiz Garden,52
Southern Janatabad,163
Niavaran,105
Parand,115
Dorous,39
Parand,115
